{
    "results": {
        "tool": {
            "name": "pytest",
            "version": "8.4.1"
        },
        "summary": {
            "tests": 2,
            "passed": 2,
            "failed": 0,
            "skipped": 0,
            "pending": 0,
            "other": 0,
            "start": 1784521895.0154474,
            "stop": 1784521895.0435884
        },
        "tests": [
            {
                "name": "test_outputs.py::test_about_file",
                "status": "passed",
                "duration": 0.0013104580029903445,
                "start": 1784521895.040589,
                "stop": 1784521895.0423217,
                "retries": 0,
                "file_path": "test_outputs.py"
            },
            {
                "name": "test_outputs.py::test_layout_file",
                "status": "passed",
                "duration": 0.0005254999996395782,
                "start": 1784521895.0425305,
                "stop": 1784521895.0432236,
                "retries": 0,
                "file_path": "test_outputs.py"
            }
        ]
    }
}